Lat,Lng,Type,Price,Sqft,Bhk,tertiary_road_dist,tertiary_road_mean_dist,tertiary_link_dist,tertiary_link_mean_dist,secondary_road_dist,secondary_road_mean_dist,secondary_link_dist,secondary_link_mean_dist,primary_road_dist,primary_road_mean_dist,primary_link_dist,primary_link_mean_dist,trunk_road_dist,trunk_road_mean_dist,trunk_link_dist,trunk_link_mean_dist,college_dist,college_mean_dist,govt_institute_dist,govt_institute_mean_dist,hotel_dist,hotel_mean_dist,luxury_hotel_dist,luxury_hotel_mean_dist,prime_hotel_dist,prime_hotel_mean_dist,malls_dist,malls_mean_dist,schools_dist,schools_mean_dist,it_companies_dist,it_companies_mean_dist,tourist_spot_dist,tourist_spot_mean_dist,hospital_dist,hospital_mean_dist
21.12750433,79.05485988, Land/Plot,180.0,13333,0,297.39515805721237,1739.175054672102,2282.341509106695,2792.110049776672,297.39515805721237,941.9868678039928,830.4610324964924,847.3697533798155,1106.3867708090102,2435.4809806794046,1105.5217646740828,1603.6535556896572,2027.910000610484,2870.008668044689,2081.278681834842,2118.885545996921,746.8819049733947,2202.7507348301046,501.7626243875158,2163.4083532432783,688.4559397543064,2697.1258208392983,905.2457709170428,2966.9111817682215,544.824920352361,1894.645503468352,485.7378079213591,2070.420246128022,1004.730276060742,2010.278518322038,307.24468902122123,817.5894166541672,900.3108164441661,2081.101360085616,556.843272468316,1172.438692596444
21.12682945,79.05786762, Apartment,300.0,3000,4,65.42837483900755,1682.2445055168414,2082.438246115905,2532.193133213763,209.74776997229017,890.9204123865863,590.7680943288456,605.4071577280417,1390.9461840087297,3250.3075335869876,1385.557271513061,1802.9873985444124,1710.648619190319,2495.3586170968097,1780.4017529439905,1823.250590960075,783.5561635310513,2128.77560496935,440.63339782847896,2025.019512513985,421.0868861972816,2632.7835275734947,589.9577519791451,2800.3686030300337,409.625169807422,1723.6885863534649,228.2102456573792,1947.9701616364337,999.3316716949608,1858.4285665513871,98.77777734465604,910.4642508505872,1026.222697669742,2106.291969617629,348.3727265391529,1008.9338161349632
21.12490049,79.10164833, Apartment,145.0,1600,4,202.54489543612735,800.9823838211727,381.166027263628,1235.0531259105824,138.55412839719042,942.1511622188184,139.0566187619336,223.10424683860043,1063.0673793539515,2207.193069690995,1066.2749947067643,1489.7852967562076,2652.1374509448547,3003.699139286746,2638.48189294258,2652.0066745459526,830.1219182940221,1830.1191349195049,294.03324578267427,1903.02366937515,1090.9023737911791,2844.2424318015355,1924.5554642453833,2732.470495008608,1272.3913342592175,1851.903134978132,964.2756278486984,1767.4560826145891,457.1999286288124,1933.7678158065112,975.8076199499552,2055.465783562074,730.602088126887,2204.739712228334,133.31467622623308,1397.9195001960943
21.12854017,79.09651995, Apartment,200.0,1500,4,273.5890472738046,972.1403164835076,905.574508103809,1531.7762889831015,162.25661723883124,816.7004210014234,270.73724886125814,293.23213355791637,1039.6556984229098,2406.959730552049,1093.394518995759,1768.8665569428267,2024.93375302687,2805.156139057261,2017.1505521999811,2026.117382794523,220.74168354974253,1708.3044027343192,784.5423391129556,1584.7797210574438,1369.6733085152773,2372.080111207751,1436.0923000197588,2256.7187971433605,843.6474373992094,1294.81268059042,434.530937897937,1338.1555669474485,757.6666365468668,1754.9121242331755,932.484759213859,1947.5440745059016,652.9092620508521,1971.838985639309,260.55982997098505,1133.6563586702246
21.12806017,79.09507155, Apartment,200.0,1800,4,329.51969716820946,977.208588177281,1040.5944339848584,1483.0128701100973,114.21186268108778,848.4091780590732,426.2881555146669,441.2198625449169,1186.2088152933104,2463.4458750477875,1246.379511163973,1889.6006297567385,1896.6499394898772,2888.001719049733,1890.7935192290224,1899.2601585307675,305.48415744189407,1735.0754048746312,868.4854391567038,1580.7576894392716,1327.42931518234,2349.566116760328,1408.939670121342,2232.696888817585,860.9674917930511,1295.7806144937351,483.78229921974895,1378.5011843213886,602.9598361578221,1726.830135630824,782.2461689433196,1945.3541460425472,810.2681346905122,2021.9319843308735,111.725322323589,1080.6893352870593
21.15599427,79.07581329, Apartment,160.0,1500,3,78.59428917897391,724.3657354746589,1489.832869323763,1502.5793834908031,243.20014100545032,1159.6640193966866,219.23530060578503,500.887197333075,426.03059031222733,2042.391008695066,1278.5220338078957,1481.6409337097318,430.929904789999,1060.4647595266838,593.6145711719317,612.288701438052,690.8088814705006,992.9586464398052,170.52292911663466,321.6599129380847,717.6611071182846,1891.607944478509,479.94055676379446,1777.6519077020362,166.75905085812744,1218.481550686857,224.25696348106536,1348.4121874938558,313.34379694895705,1257.535556053526,600.3937789944698,1520.6378349087272,606.0110776982236,1162.5565819184692,716.1623313485986,1592.7263758097115
21.15935778,79.06731606, Apartment,80.0,750,2,142.4913003759764,950.1173564514972,2263.0424928984653,2280.4283158524986,109.02250818375148,1016.8565015589014,190.29523324184524,213.91212536273997,1265.1873032635792,2173.3490258595234,1273.3730181418964,1349.476192365379,1269.7360798774075,1614.914532296796,1526.6217101623104,1547.4622056564956,444.70696649985257,1223.7870809920707,207.56868903189627,425.2665150189192,908.7460424829292,2631.5322305613736,1072.9562959767086,2508.546486849101,969.4601436634304,1977.8510830457767,1025.3888377532912,1986.8916570487352,653.0230326895039,1700.6692375134485,571.8570535004578,1879.343424336042,270.561292210181,1461.2800390187963,1461.1403639549287,2146.7429818201495
21.1527955,79.06589985, Land/Plot,500.0,2400,0,132.29939781668955,1142.8346708494755,1680.0175393350603,1852.7961617923984,212.4167270206621,1064.4119449342609,758.5806549689927,808.2206729610785,1513.8034284849632,2738.8857630907464,2017.3638298731391,2057.3829483469076,704.777986685461,1674.71818706678,1529.5164952925968,1567.3768663980766,601.9655321422688,1217.1094359925412,142.83991220948903,456.9094795877312,1360.5147634294867,2457.0031101337545,1455.12850707762,2325.6033117172315,285.4881729671044,1822.3336395815816,805.0053921459561,1687.388588646821,833.839852142031,1638.6112835778029,776.7153408310095,1843.6437214426333,313.59286253144023,1416.4943903302233,724.6232591398605,1653.1429463403438
21.15119554,79.07328129, Land/Plot,600.0,3000,0,102.35737277412784,899.3277222415946,1171.2905013146303,1189.612030665464,339.6318269830056,1103.146477083989,797.2171381740789,896.3468727808464,884.7550375672255,2564.3089834820657,1862.681236255421,2013.4807406620323,620.0599626110574,1254.8753134117867,779.7018553668668,814.9284492920049,532.2500480738461,1130.2396786453933,119.6710139490873,411.6309557245022,1031.257255389115,1832.0140672213577,1034.5970433122466,1758.3999767844766,698.9169608184799,1297.0850153911676,295.4984138672707,1256.9913774327638,564.9205137526098,1319.4421148733002,1001.5945797762568,1598.5587163982625,496.8523093412194,1109.3662662009742,843.9052404746157,1305.0915474571714
21.15540267,79.07028258, Apartment,70.0,1200,2,228.36817745242,845.9187797684017,1727.9067625678713,1745.5684826542656,176.87044984905347,1057.6200173320244,636.8962288488812,674.528789090999,996.846607233598,2325.9575894917043,1570.0074530065397,1639.000319294218,1002.0286492383852,1390.180322217703,1119.103607999754,1154.2482436621156,788.5221635616222,1192.8175461664823,37.13488209684241,174.35545643115265,947.2801244472108,2229.323486931219,916.1004494771388,2105.497091517652,744.0577934902587,1591.9753076291086,524.779197498424,1609.4133046237607,296.07881580743106,1469.1718030651828,672.8292478056618,1714.546928608495,807.2615551741924,1308.4298014536969,1109.3933959888514,1729.6195969845808
21.13750901,79.0816927, Apartment,300.0,3600,4,84.1830902900951,1280.1468143588988,121.99168548918854,237.50423093304025,378.4337481079406,812.826903131602,424.4034784772435,497.39317138868194,1822.8591368117936,2888.3567328940717,2315.951378134012,2349.796942534614,258.2404417561097,1706.977057484494,254.6003679543044,293.85086040649617,369.00397938455785,1252.5170969510702,196.428433343958,1252.823153997569,569.4761680484955,1522.3056786703166,277.3916256033904,1327.256760623767,135.86097549388722,606.3087743606951,399.17657427752914,1017.0698933829406,123.29127450552772,1293.7867303209518,96.37039947595365,1553.7683601227327,426.1075940114832,1209.5252745516416,33.80369644932936,239.7964427049012
21.1325869,79.07924652, Apartment,200.0,1600,3,242.38099340132823,1469.3979148048445,192.6217095471868,505.54367768862977,200.12859483583887,897.1016751337943,822.6146152859992,885.745923194622,2379.3329771428894,3040.3411286359087,2672.459055556866,2852.7950343943858,181.82456092720383,1931.534242372527,189.80518405647217,207.3435101626888,359.4781822799218,1485.2246699427153,419.3799092344941,1366.3288908728944,228.11138076779255,1850.520921535596,372.05720487029606,1704.647956214103,356.70448518612227,923.8897109217642,987.8753236314762,1405.2145948797263,238.7114597024095,1311.2290415505695,614.325366765249,1591.243000915841,315.1475277891372,1612.7260702339988,88.92267706832456,196.26118438317832
21.13586832,79.08345222, Apartment,128.0,1280,3,189.0399074958974,1282.3119510098834,136.2701707439362,307.15298033993685,151.6769828730524,806.929963673806,298.0305729700018,600.4268378931956,2017.1757360647432,2854.6223938526205,2233.550015667882,2315.324344795338,488.07262608872713,1850.6519659892651,477.32641344386207,510.0680358542154,112.10150801365714,1306.1864471916867,315.70569538152904,1281.9321733446573,633.6428604693543,1602.958642063131,228.84859086365884,1395.8654896096211,195.86239243984392,640.700707518632,598.8427297886374,1071.245253089682,147.2775293516359,1375.499147859698,350.9376138161131,1629.6557729656602,533.9324805330232,1334.4853109365922,8.712568386658539,270.30509925423263
21.13278699,79.07928944, Apartment,89.0,1200,2,219.69372009538236,1463.7099757856788,187.76143567835197,493.9954934023393,222.73714305971495,896.7275229883085,842.6072893725254,882.4294557719,2356.7755237350752,3041.337928200703,2666.371795408958,2836.0101502692414,177.46578459304737,1921.4315461026215,179.35222459336535,206.22788861508212,371.2227340956508,1475.745766933429,396.8076792385905,1360.650720909763,216.5887154731601,1837.858149118474,361.2950447680463,1688.3443846476555,348.7911597510184,910.7171983243596,965.297027004079,1389.8875360171503,220.34740607891433,1306.0583076400123,591.7092030118898,1586.8671562123254,295.435218369145,1596.4602573235154,97.57842030157914,193.61151612594537
21.13282517,79.07928944, Land/Plot,30.0,1100,0,215.52331388720373,1462.8322677955764,187.98022042950052,492.41008272041273,226.95400129936056,896.6768760518943,846.4216782625424,881.8509045398348,2352.54687082442,3041.7086321722845,2666.078051690773,2833.444002190484,176.14245183933517,1919.393436437011,176.91620524557143,205.36437990381737,374.18414194907893,1474.100329375914,392.75673472284205,1359.6856749141057,213.9260773713988,1835.6120740627584,358.69358373056156,1685.4456123541702,346.68868297871825,908.4101947716574,961.23936894573,1387.2951658824109,216.5513420148759,1304.905156148738,587.6298968764897,1585.9063495705277,291.43530066824985,1593.4607825507403,97.6926251347232,192.99720789353069
21.137608,79.06448364, Apartment,130.0,1500,3,137.39005017874402,1463.8590830255057,895.4967796553364,1642.5300818196647,105.72370901770825,859.9971662565912,363.1640135433813,715.4712541850616,2514.899376937192,3082.134620212098,2518.766785716505,2537.979339054662,972.6322093127887,2079.7625993367483,1433.3234395342392,1442.8909567341411,466.8331577512537,1296.4155362356028,637.5469855498208,1376.7680996316617,381.1683470967472,2383.8612135518947,791.6248253475197,2318.9583429518007,141.00324610007524,1401.3841663656258,424.37858091634087,1382.4824108177388,127.4052293132793,1468.6959973064472,576.0740940857112,1295.5587056636916,371.6048152944584,1794.3510533706133,211.4605680786021,632.3819061365559
21.13556704,79.05669451, Apartment,87.0,900,2,201.4414155898252,1679.0102313476898,1733.367224010176,2432.952476696784,152.41040517981392,990.6487841838735,825.5597250680579,841.5402664972138,1748.962564641024,3027.859559248454,1742.9623324349436,2368.8419770716546,1306.5065638900371,2617.793002375631,2147.3875538278367,2161.18587097157,198.53136586869292,1621.2032764079463,561.8296910979295,1716.5866703719526,892.7899244291135,2772.589369305589,1206.3442354518586,2889.439066061107,492.17734585625976,1867.927313857824,322.4472516568584,1803.360180409379,395.42512086257153,1920.8203253564272,301.2716716881361,1083.5198025325612,292.8258178027316,1851.5013144580575,218.1612454435956,905.6992348919332
21.13782801,79.05744553, Apartment,125.0,1450,3,90.72986048524918,1616.1860604681256,1615.0793181869303,2345.6979155100207,285.1310681253565,1016.7063354084148,969.0354892703538,987.0714270685924,1984.3078600552656,3013.902120091434,1975.457177300731,2548.3767542005785,1046.1580508850902,2453.2132414973967,2137.349412630035,2147.757999592445,442.93034519525463,1471.233360491508,384.65714899858693,1572.8640511760254,683.6724744631368,2765.697507499008,1379.6631115072926,2825.8907025284707,740.093457580386,1883.715485853155,97.47805819300592,1715.8388727888196,411.4609035918661,1879.564923813384,47.28783008484886,1169.8436704122594,202.11651666392487,1838.3944967056375,331.20878036900444,905.4713443517068
21.14159,79.0633893, Apartment,300.0,3000,4,117.347402609503,1370.8494634987933,1026.702282798428,1692.4348941416863,268.258919380233,988.570644535028,561.5952582879971,596.9749306429921,2307.6915568445347,3497.140551315513,2707.539732671854,3067.5539070973546,541.7259637453576,2001.8908267172696,1681.882909469775,1694.592370127923,260.1716290254546,1152.71889997925,376.9070385649789,1175.7484162688977,87.61838462620126,2448.9487877379624,1042.215682357422,2373.648741414005,541.2452045324544,1607.1767760239786,305.5589902503771,1429.7201424313268,424.80835720049595,1569.8742476414563,507.5596765718528,1417.9576043415768,330.0143544019237,1737.9942214870389,58.53074035831099,809.185435050686
21.18581083,79.08720732, Apartment,80.0,1800,3,241.28315037798097,1234.0238586231824,1454.959160548921,1879.6419915501908,504.0024764791454,1620.3220333578938,1205.0710891188537,1881.4996283642952,838.4869470987675,1980.2627790776628,838.4869470987675,1089.5237848233005,249.2948351140621,1415.2099610585954,1101.400226540737,1345.8917523147013,365.20930930249466,1516.7856894643714,1084.373129857893,2961.6736656351077,1733.657112714515,3648.5132146921887,1519.4270161759327,4149.794542849631,925.2728794050796,3335.665570150134,906.3008244227016,3097.800717008654,943.0800738656752,2664.4590767161053,1468.7456870765618,2915.9421200389925,879.5675757198734,2945.7451028250507,258.2196094253932,2780.0287987637944
21.18233049,79.08735752, Apartment,125.0,3300,3,64.60453344944946,1236.822429492124,1414.3558468967603,1622.792773722769,612.5336305585435,1417.4634621665878,893.1612634167759,1573.242380830215,856.2051435045188,1851.5624470610655,977.9880013575694,1080.1506085989697,636.5306316211069,1393.9005432139436,1377.9990110201811,1494.902608715199,260.20999847463116,1394.2389954597315,1089.3316989367715,2677.1162967966766,1850.9771876170323,3413.7101913139786,1216.09445452874,3793.7684570904103,1062.5995391940064,3007.993405138227,546.8367487292641,2753.388477342261,615.33862820804,2525.9478035814714,1177.2513828433237,2656.884064906294,925.0577803939768,2674.8251515940656,169.52450766510566,2572.968720502014
21.18457072,79.09119844, Apartment,65.0,900,3,117.16679705959696,1129.2122475821477,1023.4943298520324,1538.759073325135,151.89231515288895,1583.3149214863108,1349.224318713132,1785.783575398699,1264.2364550831844,2027.267944609295,1268.8099378361408,1418.539991580078,404.5094818343987,1518.1351952412765,1035.2350119730283,1150.2111352823108,239.30436902726476,1537.428223602957,1477.5124481140313,3039.688647113883,1385.018690207749,3553.285345521132,1671.8663638415571,4031.429182419683,1356.1301847417246,3224.713841119884,728.5953306181808,2946.493418700567,698.6302608059958,2706.6415174750864,1638.0509728020372,3016.6630698744434,1297.4643818139084,2972.598645023425,300.3460229442753,2729.8397210234907
21.18589084,79.09100533, Apartment,37.0,700,2,128.44327542534904,1129.7709832025882,1074.151160308597,1659.444589804222,119.86293365181886,1658.5683464212982,1440.268435574652,1899.549709413655,1229.481374428671,2070.739530656818,1229.6539207620167,1422.7561884925,257.0882668865922,1523.1153289568815,1001.0448275457586,1105.56675452877,250.825620317094,1571.5508387761142,1473.3570243747563,3138.609406405493,1352.060061905452,3645.286469259304,1763.3353022647177,4164.314564063205,1315.8410509120808,3348.621417023247,871.2731926616808,3081.850178645605,846.124735165917,2756.0811167717197,1724.702137822861,3104.715209182169,1265.2246948442946,3075.249335498016,434.7466113839259,2814.8772440423463
21.11985686,79.05208111, Apartment,130.0,2300,3,445.3679550171855,1835.5483415675144,3050.781064756071,3053.9064529281486,169.2363068609719,1102.0651711002909,1559.28785429995,1571.396454163164,749.9550183282978,2033.9541361892868,894.0183669923682,1044.1609946516903,2052.764971846308,2864.8185456953,2049.6266757822623,2054.561848716584,1644.7492421001543,2817.5107899279255,1012.781622701496,2757.2263829667527,1120.838629397883,2525.613981405687,1419.044312780662,3055.321804874796,869.7500551182442,2004.096975809356,531.9576387175593,2315.81276161343,1108.33476592234,2198.2187043874824,145.43593061577408,434.8571046848967,991.7355420550286,2580.5181841983494,623.0614070407897,1714.9244319482343
21.1142938,79.05186653, Apartment,105.0,2200,3,370.8857615697505,1881.549326652993,,,508.3496823130975,1295.7829486278367,2065.837644565116,2073.6443138226728,155.2575746855327,2722.2256457436483,634.0134574779563,1049.2388136130344,1921.011867279484,2504.044346144129,1941.6937376190117,1954.5092546049127,1776.113395923393,3220.1351041331177,990.9670791323828,3150.585992380199,509.1794908370716,2330.097795395519,1135.3376017087228,3069.3331300960176,1132.3566845533037,1994.8363515882052,711.0957512163782,2482.296928005742,762.281804555717,2351.242707717287,496.55468095246545,688.1552865170512,1263.3825227536724,3052.753958837705,1104.4866132957284,2029.5305415319665
21.11453394,79.06079292, Apartment,89.0,1600,3,463.7760450405212,1641.8731222565657,2719.8696082010247,3105.550133941876,403.75819375501686,1148.195184150274,1403.3900852491647,1601.7502372217994,144.68249433643217,2575.121576446767,1557.6198930490366,1863.665689979496,1029.1812904901872,2161.3508867210357,1052.994369316424,1061.4631791450213,866.8123532072414,2872.370030043028,197.2747132708353,2677.6385585915145,981.3404371495049,2378.143900099052,1151.8688263557578,2744.1085732308406,600.63829882872,1653.4418118396566,818.5759558009254,2214.758801415887,59.272641911253125,2050.6644614035395,169.9593851816676,1032.525448409417,401.1415038345461,2914.2790320400263,520.7878924005262,1564.7693422163618
21.11841609,79.0554285, Apartment,135.0,1571,3,418.08241952053663,1784.0384815773457,2932.895925716506,3216.1883650727027,124.50252887742744,1084.3297143850652,1483.2463609370168,1490.0365564468177,532.0168631909295,2857.107317297656,1139.3525875965047,1317.3400355107192,1674.2544611507071,2687.8188702148664,1673.6510904679517,1683.6347782855971,1393.9275806466633,2776.7564899189197,830.8373159796538,2643.1492379545416,995.8791652299494,2478.2983178795757,1257.4040252944192,2903.092592508181,648.4051569958698,1845.7691327255504,793.4666155504559,2217.957899950936,728.8464708161629,2099.6687122124836,435.1720129284916,761.7225834066272,877.214650453776,2651.0211772402663,532.7199178158039,1571.8646502627275
21.14699238,79.05465603, Apartment,325.0,2050,3,152.9025088981905,1633.7386202348705,2086.043831345664,2642.1482511888125,717.3542794318482,1292.1772642943076,711.2529615034947,843.9591791640312,2700.607252184081,3266.934215864206,2677.595604986225,2885.27819469525,86.47477333927814,2417.533403667221,2723.8171625349205,2726.813621329477,418.3681607086129,1327.1920306360523,778.7890227874935,1198.4734504807316,1121.0136783841067,3178.615026496729,2128.1142384316413,3106.7711145485023,1048.7970511874491,2420.3843118358973,776.6750074500202,2137.7515329450566,1126.7121940907489,2144.8274546611815,503.92643786395377,1884.0908379858824,967.256177286167,1771.6395355953853,990.050638116962,1648.7980237563515
21.14143034,79.04997826, Apartment,65.0,850,2,320.1344514872122,1911.1353561441945,2395.3237369350045,2411.9970278324695,206.33626989789295,1211.3799829906395,1333.6616612183325,1404.002314769512,1954.2994886786091,3220.1130157314833,1927.4002471610677,2577.7807035045143,743.2422402570919,2444.1948343237937,2994.8602071776077,3001.6207226535016,453.32427436927014,1753.8334701181695,920.6249007147514,1765.0637018987168,1373.2832927985366,3262.717280531544,2151.0637130986415,3379.5827826686823,1086.0456643170658,2557.774597999419,714.953657830388,2343.211145376105,625.3413132073151,2426.8202840257673,602.3286985062844,1574.12965318775,691.0548836092757,1861.5055082892763,1003.2240887976768,1627.7986598790026
21.14471157,79.05156612, Apartment,90.0,950,2,83.14334094483348,1784.4857119508474,2301.0106400941286,2921.4776708842346,540.0785318919014,1271.4970865720134,1055.5404920914789,1166.6639017888697,2351.519028751615,3492.870999748263,2325.3966883897792,2843.0324039636,355.15972500120563,2457.297007859123,2952.7087245644457,2962.8131243428293,506.5097301023272,1539.008662313592,782.0092431466686,1489.6577489143503,1282.1003798011768,3276.63701812246,2298.563053695006,3308.4541449017497,1400.9066365598087,2562.313718294442,729.5283644479946,2290.641261939214,966.9023758975344,2335.2765732511043,521.5457222787408,1787.831956883436,855.112613991935,1821.0956383671464,1264.149286580279,1688.252340036109
21.13958961,79.05251026, Apartment,125.0,1525,3,196.74592717095072,1795.4685041383627,2120.237200433802,2828.764488305362,472.15950900588,1149.5696235123053,1226.0429516170998,1269.2272729321635,1858.5888253070932,3143.4205718850476,1838.051409706845,2552.087323396934,900.0243355398362,2639.884563297208,2684.2673570604065,2693.226488442323,240.87151704851524,1665.7036751573062,723.5231323516907,1712.8439301480553,1117.4479611638992,3078.9481138405663,1825.5688588939777,3176.698366231735,823.2672425059914,2300.223039507645,447.83363131590943,2118.9350971278477,408.20223663980823,2226.9029664093064,394.01590292608745,1353.576804693169,359.61241992259824,1845.1413907665792,790.2954853838685,1340.2243994963824
21.14499167,79.05384064, Apartment,155.0,1850,3,285.30343744396527,1672.3266317423138,2084.042787025686,2691.006032221475,748.3300488657953,1256.4020402080512,818.6920361423684,933.7064941728036,2462.74289833918,3405.9816094709527,2439.876322067011,2933.7084091215156,291.449332562734,2503.710786087606,2740.360126701707,2750.9193002248808,328.85507384565597,1385.2490889122246,739.7154912906464,1335.199164193049,1076.0755764748435,3152.348780277702,2095.4025860412585,3142.0130506655423,1236.6899347876292,2407.8163901580733,604.3171140209877,2140.602226979122,1024.5228190627636,2183.9156916469187,355.1275943717233,1749.059947081163,801.30546270081,1798.7274291058995,1084.100956363133,1547.9814714930417
21.15891822,79.10529613, Apartment,30.0,365,4,94.83296166638448,963.0309870670384,321.53464729325117,449.15411409198595,102.15655092541304,1045.864705285859,283.9518769249027,755.9060276005769,485.0058775468027,1709.4697038808183,1064.0548936247046,1120.6407242238324,1099.637720754674,2161.2178150843856,1705.8062446830293,1912.256923068137,598.5007676440143,1928.9545262870895,802.7845919866903,2094.96905873768,495.9246885911716,2138.342749974835,968.9467939471612,2425.8079667125785,748.006125841433,1572.02552800147,511.0365508493283,1765.868091551062,622.9302060940029,2196.129106567384,1217.4128286298364,2718.18870766086,481.9861514312849,1742.6912280645165,781.966759258666,2368.4594369240385
21.15564075,79.10572529, Apartment,50.0,950,2,72.24692690717266,955.477833929357,170.64258987825858,345.1063507911982,158.36371304469188,965.7294514960904,176.1799110027914,523.4456662054911,121.2872152644618,1590.0628818340615,875.772225655811,910.502775024028,950.4225860289596,2180.383589224504,1583.199961803308,1994.4260165843175,324.9551803703213,1863.102724838605,491.1301386401413,1939.193948586178,136.48238118449805,2031.8263585649947,657.2171921218112,2285.7501200684737,480.9307291432949,1396.9991329631491,185.90242989392172,1657.1507337227576,259.23641907684674,2133.3205962788716,891.7987732511195,2664.789154576864,123.269640913093,1593.978417943963,818.368127780717,2201.5023669951147
21.15540068,79.10830021, Apartment,400.0,1952,10,164.95697840982604,887.8937435580739,164.95697840982604,200.9109508057748,424.91455355817135,964.3932164271351,431.4282192633694,590.1577924200034,54.61996861877949,1566.873922258529,754.6119337309834,1060.673269685495,682.2019517072384,2289.527534817668,1314.870319914363,2009.2616310834096,316.96394604668325,1990.1924132571935,313.78590916238534,2060.807415890265,321.3697264387414,2237.3414560376286,610.83346092666,2453.9116782453334,694.9785363685536,1512.0354184550558,361.5355770294574,1784.9614251197931,284.0072772027663,2232.444217741532,726.3513963243573,2835.4576349822973,317.569733091579,1719.9863601228917,1079.3113604814662,2282.194967176774
21.15820148,79.10761356, Apartment,40.0,1100,3,141.62069417969653,881.2933736796919,160.17505196243323,239.8999848909244,341.86754752020795,1028.642857592498,388.66146528215137,754.1203421824151,373.9115787408149,1672.1865541699194,1062.632219942283,1187.8962416745594,849.4659116128909,2265.569452190415,1452.6216397916917,1956.3979400895264,594.6813073965416,2042.0418014013317,632.3163022992002,2182.073079421159,476.7655218036536,2273.8320827777047,916.4061311358972,2536.0316901483493,819.3338295773095,1631.13644044662,529.9401175658044,1848.96667057305,541.0206739841428,2291.503995789354,1041.3231234495845,2866.356514676188,464.897563586152,1816.7069463414632,1003.8784935701136,2404.8371856553354
21.15552072,79.1141367, Apartment,38.0,700,1,59.00051701385994,842.3357781401096,94.52369138533396,174.62558052594318,93.88925275065613,976.7520811532528,288.54446296759227,851.912838477381,108.14426943205004,1619.5574944774737,692.7195975369993,1515.821500235456,127.59765836769031,2323.2607260378604,719.7631794104819,1685.8170381487926,812.1491616076954,2236.1392226246044,590.2848258488829,2411.351750436458,916.7127737824438,2757.1629717332353,926.7676765637405,2912.674687746367,187.63915434760983,1799.6947456521764,721.7796516925938,2125.9067214625475,820.4430130148737,2424.301184672938,740.4059040495456,3198.117749651057,153.10535382934836,2078.186031215436,757.3723862477924,2400.1490509592836
21.15696113,79.11237717, Apartment,40.0,780,2,76.83889916158071,806.7069046613587,107.9111638548734,144.78438535816684,316.8454963344309,1012.3191241500572,499.5225783510835,881.6844487163735,277.59043105259667,1634.2107208844743,819.5370915244557,1439.24750866443,367.4736534412332,2337.483295135182,940.7616027719998,1869.301933686646,731.4505835910775,2244.095376629156,568.5655341213122,2384.9452078691834,778.0610640187654,2629.2248988952992,929.4673681513176,2824.939442078729,350.2424369014685,1786.995434501482,689.0646472969178,2062.461636333727,720.407437430326,2427.957286048256,843.7993968763822,3151.7649589327675,318.63094262524623,2024.010835724176,969.5568869135102,2437.8209407307827
21.14455531,79.08182144, Apartment,125.0,1600,3,97.1333876536652,1145.933445818555,123.2759332438916,140.2521296315175,302.251540347512,751.6594347471838,302.4827477709871,438.1256949803342,1040.2805879188804,2554.7581909667488,1857.305703248329,2002.705293338216,86.14497231705988,1304.3120746665904,92.92877251170512,118.99183171706534,329.1030294864912,1102.6033259879084,157.91758683294802,837.7271541720345,93.37305148899806,1127.0714898858091,218.6812532811292,1138.5369210729564,156.17095463687892,543.6978790606368,10.845712079269664,660.482365272496,411.8321567146745,1251.5376031015562,220.99161460906043,1477.0608916522656,206.13219964640817,714.9065376839828,174.0787334518578,527.5536164118396
21.1461567,79.08285141, Apartment,84.0,614,3,229.0053461789836,1123.244818467913,330.80625023613186,347.4387514890494,114.86603376509068,728.5870870702117,151.4356044371511,535.4244138237208,875.6370469808317,2416.433600551526,1685.3420989374413,1834.7483467879097,160.70117650516036,1240.6965858257315,153.12784873837174,165.6509855898716,129.6533610053548,1089.6445607515043,207.64518807181256,767.3038308212457,123.171656416585,1069.8379376062007,142.94967536103482,1131.7848068236012,48.78100814390552,580.9072310719778,218.4258796950907,687.3904287967428,551.4059611553025,1243.7916793548588,142.06437483072114,1482.5811403611892,94.43597927574572,624.5584980166595,144.38853990553596,614.5194704908338
21.1455965,79.08576965, Apartment,75.0,1480,3,71.80843871939531,1155.806440672976,302.86626025568813,478.6819953927055,84.15935826461482,594.4561483442623,367.7896047056115,401.099756415454,1032.7073563003607,2323.282286331403,1439.996513632295,1627.869888341492,467.2025163193133,1370.2608344602822,461.4339208930538,470.9985845823915,235.10056412238313,1163.7643039730128,248.3747632706714,819.6314819041108,49.69459668452248,987.7785745507316,116.68304993317363,1075.468935647946,161.03568482321566,503.3219954784461,78.01439673815607,662.4328108619178,248.3747632706714,1321.7481431311485,213.02515577984948,1535.936439296151,235.96336318463685,621.123531292781,218.42585408089477,609.2170700219483
21.14291551,79.08555508, Apartment,125.0,1480,3,165.3865310227936,1163.70802325757,185.31020806766017,319.03975163706605,60.91212202666191,575.8023595663869,406.1294617104,431.0799971735204,1298.3235512901992,2481.355496968719,1620.948787097955,1749.6350747288118,478.0066744703664,1510.927039607138,478.0066744703664,490.89125345921855,155.927196055385,1164.3088727295128,419.02669281524214,918.6787383768872,84.78846402076599,1066.7671675667295,97.85565127037846,1046.985241376268,36.234876913584785,389.12471669238727,211.8486824293607,672.6217105021541,419.02669281524214,1381.3958242533504,94.88932464305545,1544.1096471201563,363.09942427943446,781.9618630660764,253.56497086426276,501.5127681626391
21.12009587,79.04349804, Apartment,75.0,1250,2,92.46960348547871,2037.7391989536868,,,215.71909555069865,1289.736046457229,2250.7340319686828,2266.8263365048288,342.3578112554446,1715.495144481275,472.5035859100652,681.5442880726898,2918.371233690903,3757.044370659252,2920.22533964752,2932.485567822635,1223.41130960313,3257.827013663152,1637.0765333725888,3339.667239480965,729.8264743985859,2533.4456129308132,773.8261143183936,3525.4519243565765,225.99209738285649,2529.1381442798606,394.7825971640556,2746.96157471201,1147.3130577462869,2584.7821458739045,142.97541473847343,426.09551655471626,490.40412139853663,2768.5576532592568,1445.121875361672,2382.3067304335764
21.11789469,79.04448509, Apartment,65.0,875,2,251.47597236501215,2006.2290991997752,,,466.51696683414326,1321.7943902931313,2297.482568868335,2312.185296546328,437.50097606174336,1701.5734280854892,513.5281985068663,650.2086314328036,2761.028925080445,3825.487163998643,2775.122277641939,2784.9288576585827,1346.7839806271252,3337.1563506715074,1782.8133863063697,3401.737931030499,842.4849371611608,2458.9885509568767,679.4699856895288,3448.642731797456,271.5117504549448,2449.95886664369,288.3245566973002,2721.7415023317,1091.604830901044,2563.08041290675,237.54423439157637,365.0080432197316,744.4330708752614,2917.5447462528045,1423.171600028529,2392.733558827673
21.11869512,79.04538631, Apartment,30.0,400,1,192.63502538586388,1987.3785600326396,,,438.6168574580192,1270.0468773898333,2169.5685744592497,2184.376789159991,542.8715393641602,1720.795882109959,585.2008166213694,663.9801709599384,2689.43378799407,3116.983327507825,2697.185423897195,2710.046068662941,1426.943829864476,3234.632264123149,1659.163611646678,3287.053529914021,923.4102716470048,2482.159083243608,806.8192556569558,3400.411045759755,352.46622054515,2398.3583336144698,175.12380594721148,2650.8174311428647,1216.467608007046,2521.6067365982403,145.55753512641564,292.8390735951381,679.8824710434945,2815.8292204917752,1302.910537536574,2283.7039188744957
21.11669403,79.04525757, Apartment,35.0,650,2,147.95202036724984,1994.5261051508976,,,621.8761170216409,1338.297253848113,2316.6606984147056,2330.462913241526,342.2330323508867,1707.867800884998,365.6597153485858,640.8354236144279,2649.4093421307643,2939.610085004656,2672.6202687366513,2679.097121233744,1453.89580338636,3374.2094112550467,1717.7382093346448,3425.392552638625,953.5270715623608,2427.303929522065,690.710058234184,3400.472444480108,401.60254984672946,2388.7324875244017,305.1307355955222,2707.337874077445,1110.396162567606,2552.293963452146,126.393541592833,348.3739771381435,890.8945588782137,2996.223337942092,1410.7509116192607,2382.9219296755864
21.11509314,79.04349804, Apartment,65.0,800,2,253.4915382407356,2037.2413727674948,,,650.3157604168522,1456.2512353905977,2570.956296775995,2584.643682500805,109.59280371401242,1706.9258741667263,288.7833361342356,632.3279636741298,2785.2009879316875,3802.932043425994,2803.3821743032217,2818.8725590750487,1340.7183226392062,3549.847016784108,1862.616576073834,3656.076159803956,828.8497929515706,2392.811082707941,469.225336830573,3505.9362033408133,423.2760543713639,2491.6381029212203,558.7953757220547,2858.20347574093,884.1724291926699,2647.5702024379216,190.94334211827083,485.08956900165975,1046.5357384180238,3203.8494736632992,1658.576782591481,2604.0176040558786
21.13358626,79.07139301, Apartment,390.0,3549,4,270.34244924835843,1586.9604726085051,630.7020789990335,1027.5443752806673,84.65020212100124,867.1075052497246,398.26484047857025,764.185468146143,2460.8868262273536,3332.002401142341,2948.4283733663297,2967.610924791624,621.037166033176,1961.5686214010036,615.9387223056467,632.3768661805451,518.7185134510482,1504.7198160863438,676.3988693886434,1394.9122324024488,653.1206933990869,2106.219713649741,167.4678203695598,1934.7511306117135,22.765240349361928,1075.4513587798328,479.37265283615864,1394.3763458984154,512.6467215049861,1295.0241329844216,151.16231166555335,1441.8202958054262,745.1995689621026,1740.5685481724895,62.97751564466947,255.27818507054877
21.13494685,79.07323837, Apartment,135.0,1057,2,69.87519501037609,1540.2750525048857,449.3233465488748,844.2880885845609,153.94826581755916,915.2496455060038,612.4859646206162,828.777870897912,2267.3223037331354,3240.1395250462683,3174.7782896217063,3185.889151010353,489.2122847036465,1854.2235050062943,479.4913118648016,497.9578405219989,432.0953874276964,1422.1732122021822,758.4834079444461,1363.8663401111005,471.34067860419015,1962.6898153586824,137.4235572632683,1768.1891602605604,237.3965102645699,994.4681988181136,519.7600107535112,1331.079304221215,317.025669627342,1240.2086946510362,394.5508555210705,1474.7096886138986,530.6440481577115,1603.654041194816,41.340876417458325,182.60686936654
21.13558712,79.07508373, Apartment,160.0,1770,3,142.4512633993127,1488.4561425966551,423.3120748296263,704.2146247996106,167.98507068335752,924.5404694284068,692.5281244794296,792.4201935583625,2135.9193034870395,3191.313908391502,2978.661158828736,3012.013139537153,327.28460647941057,1789.422374507899,320.2446648792441,336.4997043906976,488.7441996107205,1377.482850164024,558.3998142739989,1346.7742309123355,320.1169590317036,1845.6570078980108,175.71165709802474,1643.8480400009298,191.7279275653813,907.5174808217168,671.88293638528,1293.2634244821063,115.9649205751552,1209.498799195261,590.287701620812,1507.9144637897448,339.4442578458993,1494.2155070169142,90.9945085046338,163.26812137322094
21.13478669,79.07585621, Apartment,900.0,5000,4,214.65021475686532,1497.866769452427,539.7548215668332,662.2148531090683,48.435997864247874,914.9607349356623,734.6955116898331,839.0322516483506,2198.988533615664,3156.747435402209,2970.88991916457,2989.684371802213,223.60955793335285,1816.9365894777975,220.24131124224243,239.98094151490045,563.7819166733454,1427.681918295075,499.3401367770049,1354.0479106945415,206.80863821650956,1846.7198596469384,71.59457654318759,1649.8239489022883,72.25271848489605,897.1037128106318,775.2996452198074,1334.2623251664854,159.47695647022968,1217.726938728994,618.707366474533,1518.823680633554,263.8045051706758,1520.695754321233,22.009242027436645,109.02199554749868
21.13690759,79.07817364, Apartment,95.0,1060,3,211.71757545003751,1368.2902194257094,433.4005477736271,525.8334192873002,201.1309068518492,909.1645450171818,443.1095678411006,625.72374264015,1917.0093250171335,3021.3522755296267,2635.6256164957913,2675.852234070252,65.07472347057049,1698.821757058139,81.94645618754271,169.29597925682668,381.826846782109,1306.155378763513,246.9428580443275,1280.2320831307356,325.23470073723723,1658.616779710986,289.70410323064203,1459.424517668224,294.5009978010296,766.7284871505465,612.4326084614959,1173.834032822108,240.6071379595864,1215.278777299476,300.14985444126523,1505.591398463889,180.44075072381997,1311.6746407370988,109.93301336219382,147.44848501825192
21.1637263,79.07740116, Apartment,175.0,1980,4,64.94627355927,818.7176906142065,2112.721557077139,2184.932152236096,618.1244094391017,1158.407440616666,624.4743468752118,793.0720250371962,222.1102942153311,1578.0376180115848,405.349909987259,696.4676393949809,227.3286859501336,1037.8077706057716,980.1851806976164,996.6031616448624,231.39859038788148,611.0963889030903,357.35297999324564,809.8883738956699,249.30835352673404,2335.0766457684795,419.6651080229244,2208.1368398943587,200.79571484506803,1547.68771828352,489.654061115566,1790.8216213535993,298.35469693890116,1490.7643089761564,352.26253108313904,1485.0621235665817,213.68505708825447,1496.801900970686,608.5048428244626,2135.7975238009462
21.16008539,79.07559872, Apartment,350.0,3825,4,58.21107229660739,709.3500033670564,1927.5396949304272,1938.9302247788128,181.18579143961736,1166.7299392372188,192.58302698249523,434.1179500341938,412.66868894659063,1804.5995944456129,849.8150052538065,1052.8203716022567,418.85839615360624,1086.6251894795969,778.5076255852864,799.9027420330202,422.4235834833183,803.3027094344345,232.5940224447505,512.5892108185355,262.22869992136134,2154.3837030770937,212.44288974576904,2003.3071967569035,362.0764253496104,1412.3771865159165,268.3289968792977,1615.074562231552,79.52578015927254,1355.8975762012656,339.0497806642219,1504.713713708687,248.2875088046125,1353.9827125939923,762.6124554695607,1929.7877821554248
21.16156577,79.07379627, Apartment,136.0,1600,3,49.886004683505256,755.2060872771134,2143.292845847873,2155.7689320169397,191.80173479898005,1111.0831244226024,402.45454060348874,526.8274330818529,591.9773664285794,1773.7222821392995,800.6202304079852,930.794772995116,597.3906445622198,1213.3936200263558,1027.1930366462268,1048.415796408965,173.47864301966897,809.9067409289623,122.63722081756534,508.7872046426516,195.51313719330736,2355.0508304595232,437.0744322937174,2209.229726910414,524.2794742745572,1622.3083346710782,506.0516423389312,1809.27080014242,188.78504072261063,1486.9610480733113,143.65372790035914,1573.7092355966706,343.73668573551225,1454.5799115334694,934.6038856764632,2096.6563702178314
21.16080558,79.07783031, Apartment,276.0,3250,4,112.65854208326424,747.3219918081331,1948.8495458609789,1961.4831895592497,331.2526567628527,1217.3271650343331,333.83884146622046,601.3613221783545,173.18485845360763,1705.0835472420897,714.7287069811377,992.8758108781864,179.235598678025,972.8384401685424,676.3871800223952,694.992132459481,266.83679851992883,684.2158236332964,301.3035547383333,641.3354971145037,307.8489804285165,2092.8134053177305,96.13139629747826,1940.804527949954,117.97261625968852,1310.824764452371,161.86642047090382,1577.3095659476835,30.11000231871415,1324.7118577492874,163.7606962732569,1447.9900498115423,136.38677260473284,1353.7609871955788,595.1660179857953,1926.7755131000863
21.16386324,79.07877445, Apartment,125.0,2100,4,36.45382068066333,846.8561352683595,1974.708844513371,2086.791228629155,592.983691454601,1175.8109864852038,681.9836656627184,880.2364811237327,79.19348962171924,1556.108077963573,370.4547794638483,713.2623542255093,85.62875078974734,981.9157820769364,941.1380074095216,955.439239275764,88.32976050217032,561.0186127884797,256.4462855645245,877.8449426482488,380.98853104161185,2294.5321781575235,449.7200167891572,2176.417843346971,58.23061053899132,1493.4756959019671,451.8687236384103,1752.7578295330172,329.7069615100316,1480.8251449076822,295.6009501869871,1460.1418807879147,285.5198613610936,1491.0713108719756,605.9010754943391,2112.347615933066
21.15299748,79.10248518, Apartment,200.0,800,2,167.7566404485392,1050.6036125026476,616.1692012716912,778.1352809888158,153.17976732377414,943.7584397970504,187.1041919656784,494.8891589733336,131.80420942514232,1565.1182503576172,452.83212098360826,597.1917544334466,885.3703845929433,2052.847726523889,1911.694018682565,2033.9937726886724,253.2016847779643,1639.8758292201692,706.4497394060593,1605.897158133884,302.38207173287856,1699.552201371192,287.7050626546835,1956.8337059730568,35.45717992621938,1124.2895615118405,234.3217675011462,1453.5073882703275,424.0284419631452,1920.824016711349,985.6098483131788,2388.5620552202267,346.92455578995475,1344.6212309869709,654.8421248653366,1901.5015304510257
21.15535819,79.1010046, Apartment,300.0,1800,4,388.15794139563866,1128.8509201421016,643.2869294912995,824.400855448718,154.25156691891803,988.3510281459742,346.80419006843437,579.5632373026646,165.556717269935,1622.076814909615,473.76760964267027,659.2975614032719,768.7178490655863,1931.150941179287,1712.647526772517,1844.5283771708905,51.978874042040786,1613.0839026815013,770.880132896679,1659.8496711730538,391.71464124607536,1684.014889406658,420.04993573985746,1975.458438282191,304.3802701825881,1187.6130406453497,162.41644653533396,1476.464128200381,613.0641340895129,1905.976588365324,1244.2743389917296,2339.525467425507,460.369753071424,1396.6215403555332,369.4240598540766,1976.205093177948
21.15431788,79.09935236, Apartment,160.0,1050,4,319.4306453577115,1173.290298641139,837.9358784181853,1017.3768146513564,274.5070913772841,953.2437510168344,481.9316813111286,621.920898725538,80.73017995898806,1628.5464742199724,286.60660095312005,527.2008523819101,573.3335492960649,1844.6135992661589,1713.6318264698746,1763.245465372574,219.17286593264168,1521.8407217502777,584.7354522075068,1514.2368027754983,185.77980686643355,1531.0123404023218,254.3875562078156,1830.1923651837028,299.41650140809213,1062.129376404144,342.61685301715147,1395.3383694185115,652.3967572594228,1804.9971751950104,1342.103562866625,2215.8213768131573,624.2952676730164,1295.681361197452,344.00369384087855,1824.8064108167684
21.15307751,79.1008544, Apartment,125.0,1600,3,334.3998535682192,1104.34537252649,750.1517141554485,920.5765100799016,322.1973887045998,949.8497840588816,338.10953612961424,564.0527563027247,74.50786531496435,1591.6684270939556,296.35480976729247,504.07881154698816,716.1486256463836,1961.0042960565545,1912.3961260862957,1947.7797145433535,220.0250228620628,1567.9565581392646,745.1638692627705,1519.459225705369,326.2979097917063,1586.486047229424,174.3756009895699,1854.022246106496,136.84561833085763,1058.9741990758423,285.62510804319163,1401.8804103330017,527.7701313515123,1849.674398831557,1145.7206789229683,2288.47823945696,496.9210791835001,1295.9992938554385,540.3396027810218,1827.9104423177896
21.15097685,79.10158396, Apartment,302.0,1120,4,307.46470662420234,1042.6336600037805,838.6459813814571,987.1998492538492,192.22688362795117,927.6026118735384,230.89283584001151,569.0165337228684,37.55330455172831,1583.078031199589,360.61551817590623,527.4022856852857,827.4159505720673,2056.283977498912,2029.7390155568364,2081.4755232616512,339.4223735662528,1578.0946572402647,822.8559216610844,1461.252076014464,266.9080304435932,1608.5090348749875,172.4141667502007,1818.1438367797236,117.8931104477601,1008.0382555272002,469.65706257731983,1375.805416978606,342.4871031416371,1834.5039527986548,1011.14226276429,2297.5000123412856,502.38224587201375,1237.538437950177,779.8843403366279,1754.096681753903
21.15151816,79.13018703, Apartment,160.0,2914,3,561.6608220098872,1572.071760696093,1362.7725851110138,1711.7793562649845,419.5737452738043,1001.6278886881316,627.8509992622234,823.4991960263818,355.9009136073034,1568.381726394546,1647.3502201822707,1669.3942090942996,107.62497671971629,1386.381940144863,261.136463987846,527.2381311358655,840.7433217428578,2706.87506383315,450.8935073450881,3252.854563065795,2594.239365991368,3770.8267448967463,1706.6723556410025,4286.416728052399,346.17188688714754,2864.221758011857,1370.847778286076,3267.989548260103,563.8752681058107,2457.979637595527,1982.7646089797856,3975.6180855414177,1626.1114628808466,3149.2374572568583,470.4696707215461,2428.209288934088
21.15031777,79.13216114, Apartment,100.0,1350,3,322.1299296718023,1639.9761390849517,1594.2914956394152,1945.915145314484,240.43956875738044,958.394926486628,507.06261469211154,737.4239468422377,231.2880975814985,1549.061691980251,1419.5518769400749,1441.9737675023698,191.56975621588805,1397.6572805915316,191.56975621588805,432.3552065881484,679.6598732193966,2776.416686801997,375.149871591744,3349.2834010959914,2816.1806406697265,3830.485041470597,1749.296974414015,4468.58090873782,272.6699811464751,3005.3137264162574,1499.0586474166637,3429.334806591132,373.4586608273521,2436.469368560367,2012.272022541482,4031.2725232930434,1864.1196697197147,3281.1717043856925,391.64048095342673,2429.275080497404
21.15003768,79.1390276, Apartment,55.0,808,1,539.8888020229539,1743.120335391609,1588.3169634288602,1930.171952217534,252.6316143524645,1252.1471289063809,711.7508429893024,799.9262457729649,232.0044294847496,1577.569702000488,719.4009989904994,741.0286917245112,122.90354267129388,1811.708427342871,109.46346346434676,147.11641134117704,956.336545588032,3289.247502490409,375.13690697304696,3843.9681781314466,2206.503438836083,3964.798500748939,2306.3926032790364,5001.312451102874,902.7016868561584,3599.8339345909817,2170.7397782117273,4045.459962020173,378.9106707892393,2596.8707143658876,2157.7074486816387,4489.084109211098,2550.508122597823,3885.6231951711175,597.335394161681,2712.1362132223035
21.14887729,79.13619518, Apartment,165.0,1500,3,219.16168175926595,1715.9448947476064,1718.1112322022975,1911.4034986389536,142.28044275466124,1042.318140318154,426.1885435705958,683.1005580216663,96.10552191572674,1550.7935091440847,983.1140586389404,1005.9876756550944,269.07553795393073,1466.3066706285704,279.07274273625717,328.6946650763951,661.2297546287238,3007.916602195963,638.0287441434648,3610.434258382365,2507.9754302000806,3923.417371661434,1987.929345316885,4860.4805478597755,593.0282514600599,3337.4312725631994,1855.7515057108951,3779.068134371029,271.74464417979436,2475.4505862574024,1933.5129680398504,4222.562637515289,2312.084175819903,3602.361192229815,515.261763247016,2533.4170868693664
21.14997503,79.1324079, Land/Plot,216.0,1800,0,276.72554359595125,1647.590218306692,1629.6061395578806,1966.5987746031217,208.3564981725448,948.2755092354485,463.8666676056593,715.1425484543613,194.54021445535048,1547.9217302805553,1388.0393701931168,1410.5905114825632,224.15203018463887,1407.8378569439817,224.15203018463887,431.2590578057475,641.6966352384511,2776.6314327119817,359.01091165709016,3357.457297605688,2847.8566113531333,3837.52561482414,1742.7034368179156,4490.726990866395,263.0332828636118,3021.14350179611,1509.811041042199,3448.3482597070188,362.2552301223727,2428.0442970579397,1976.4764404894067,4027.57415905211,1901.7883753616784,3293.294214533169,410.0146112828783,2421.5275308782066
21.17020652,79.05469894, Apartment,75.0,1425,3,132.03909929524497,1458.637112983197,,,952.4414091916282,1928.6692936416691,1337.174486609845,1380.8203366143453,505.47669631372247,2104.0917892933453,506.0863649290712,1047.4037150876115,1825.178682331957,2440.862510532421,2569.085090139974,2609.2301371072117,452.45485601115286,885.17830430981,286.8755713179967,1066.8139280539122,2317.0016285808533,4125.699715005073,2617.206554310005,4119.155696849033,2056.472570915863,3430.849280362476,491.33511657696874,3117.469398293447,1334.9731159090177,2590.628410948107,737.0819925150316,2514.1402868466225,241.21563536484896,1965.9321301825937,2374.7499477550973,3374.4881054061566
21.17220688,79.05186653, Apartment,68.0,1425,3,190.62368904263508,1432.0156161160817,,,1277.8453704511585,2211.6396057952,1702.5660426024335,1746.21539565552,378.6606549044026,2129.9992639411553,455.35168022283904,1004.0675548543824,1574.1690310374963,2403.9686929038307,2201.1547665408943,2241.5148240858825,133.21188380305932,886.7177182098716,169.08865789830313,1302.1693924371098,2282.770727293533,4421.761391594528,2882.095141655166,4469.193003225023,1705.6799029886113,3728.446149687118,148.72470104175227,3370.7377096306677,1694.5934799755823,2730.3702178343383,397.8644199405411,2694.6165426518537,205.61312324200324,2028.168125029403,2642.9696282248456,3643.710642099776
21.1705263,79.04753208, Apartment,51.0,1051,2,613.1595834719159,1371.5577098657532,,,1305.144117800092,2394.0667930382683,1950.3716759962683,1993.529473547918,715.8834914187014,1720.1040803862384,781.9951045912571,1272.2973978649993,1765.9941666003629,2458.1376353994256,1974.9560850862283,2009.591949467674,354.60076186791923,944.0780030484092,461.69987489634315,1388.1351991233084,2700.464844775368,4665.677769295998,3336.099479611839,4688.906446009025,1369.8515608229511,3921.1956169162504,349.96540599878267,3540.9223369804176,1300.7866246634712,2831.060387890263,636.5319716644584,2971.7743077516793,681.7619930015701,2059.2640374545595,3102.2465894930956,3816.065177221893
21.16884597,79.04444218, Apartment,71.0,1300,2,303.0836870190974,1320.1766312285722,,,1242.4849616222014,2517.218073570042,2156.329851917986,2198.0173193204473,1018.3458022794524,1986.0777868577277,1024.4500305374006,1555.8860027641106,1768.7034583453508,2476.654243039103,1919.7361631181784,1947.8773426385353,433.5860542648058,1064.8594617423184,797.42331180197,1518.2248138781183,3050.7261332828507,4837.551117319739,3581.7550640203476,4822.835692396555,1233.6172811678273,4061.609313296128,156.0150662785563,3661.066803121201,1006.3979476273796,2910.0717713186305,973.3804658570432,3144.7882224814093,749.006052576755,2120.3327702867855,3226.864869530738,3919.387372293265
21.17088636,79.04079437, Apartment,50.0,980,2,132.55513432974433,1269.5572436075902,,,1584.9246816794102,2899.9498174518103,2592.744443300121,2634.7425185453576,982.5112832071276,2153.000376260358,982.5112832071276,1717.674025342508,1327.6405842511454,2386.224539396608,1534.154615131748,1557.5583072520376,756.9906839971454,1368.7576955454815,1160.1800855251222,1937.972184836795,3162.980418724278,5162.104552881292,4009.515735006131,5228.47708707415,815.8084300542022,4428.735178742381,538.5696800737394,4060.94784130227,1196.894937192971,3096.842177916282,1130.4768507356987,3393.466410939041,309.0024412057046,2274.3046585691827,3640.775654953292,4254.666044110079
21.16940608,79.03851986, Apartment,40.0,880,2,119.1975983783821,1230.5171222183944,,,1558.1014440864783,3135.8388882097343,2754.87030788642,2795.67777742238,1229.939360670118,2257.983170302277,1229.939360670118,1977.3018913170868,1214.2816518899508,2386.9961516177823,1603.046237513967,1618.8845429519486,678.2903359448147,1526.650746395017,1401.1266685050873,2063.6162149528927,3449.3760320492715,5254.610522699233,4190.640846762508,5311.09221992083,860.3418056578488,4535.85123743529,652.2125134064682,4155.3184934006285,1080.748498098008,3158.760852169284,1217.3750608252865,3498.8771020252884,297.3278785453011,2363.1314872567445,3690.358476993495,4313.597314787497
21.16888557,79.03933525, Apartment,225.0,2000,4,139.72281970132389,1238.9044800579272,,,1462.7676003710135,3047.8009979347603,2656.593248141639,2697.2397838190195,1245.4337516722337,2220.448679930631,1245.4337516722337,1934.0153862987015,1316.7430548966274,2407.3704274688307,1683.2562515622978,1700.7540108896942,587.1502538667825,1451.508895738459,1305.041073207664,1967.0854941156497,3423.1341963590808,5177.465332666036,4094.4355265445065,5217.108770619593,941.9361641488956,4450.234828426752,553.7908069787082,4061.582608323505,1001.6414738059614,3114.2837768563595,1317.390687825859,3440.248046419629,374.8342748098841,2321.231478238046,3589.3282765092736,4235.73241696012
21.1635644,79.03654575, Apartment,43.0,1450,3,121.26889090998976,1336.9581763051497,,,1252.9838189911848,2821.595949677208,2828.856013060143,2864.8853813427613,1903.5626030884855,2717.236990194412,1903.5626030884855,2463.3477813645827,1409.8198186981176,2452.8233115782746,2195.380632470824,2211.1871010734917,552.4529415644957,1761.4392765722082,1546.1535986575968,2092.608500995937,3746.7193489422634,5079.4160343794165,4280.446619193215,5154.721943778058,1475.5074823739492,4453.814113686257,925.8856297101532,4016.075374682828,657.1637533142374,3162.4893901066503,1434.224515933253,3478.870973697656,770.0005765560459,2451.865652684028,3442.521568633201,4095.7183878506535
21.16680513,79.03409958, Apartment,35.0,880,2,237.77213823979324,1270.425838049858,,,1672.3740578739178,3157.880175609536,,,1688.3574383040875,2730.97571830389,1721.7715020947585,1983.5341738029044,989.9367964693328,2345.4325725214826,1816.513322251862,1832.7821811638253,854.9361258835457,1927.3774242618815,1803.450472849367,2392.3558714611418,3987.12479051047,5419.910311289478,4578.964739231745,5530.673464021458,1135.3734934146223,4775.487230484008,1075.2933212715386,4345.111320948039,915.486495656235,3241.251409697144,996.2077246212546,3693.658028171792,714.9036291180329,2597.6154682426913,3575.445337828458,4459.216068457682
21.16880556,79.03199673, Apartment,38.0,1300,2,52.660308523466774,1313.7670087440922,,,1980.426473750167,3438.1949517495173,,,1575.090355550078,2823.0923097874297,1703.5302204777618,2038.4048363327777,686.3426408235351,2279.722386962914,1604.4562521458731,1620.9986109065658,1144.2157909987382,2116.9306290533164,2051.7565392789443,2652.8815453507295,4029.072119768794,5649.454586708411,4834.40366961039,5611.076956582334,992.1309736935656,5029.082646437778,1299.8551981601852,4603.728914252679,651.0865095478823,3310.2658458242017,684.9268098067686,3869.697213564901,727.3409933733593,2743.575351308117,3441.7096840464565,4711.851994674677
